<annotation><folder>/119.상품 이미지 데이터/01.데이터/1.Training/원천데이터/음료/10016_동아오츠카데미소다자몽250ML/</folder><filename>10016_30_s_6.jpg</filename><path>/119.상품 이미지 데이터/01.데이터/1.Training/원천데이터/음료/10016_동아오츠카데미소다자몽250ML/10016_30_s_6.jpg</path><source><database>Unknown</database></source><size><width>320</width><height>320</height><depth>3</depth></size><segmented>0</segmented><object><name>demisoda_grapefruit</name><pose>Unspecified</pose><truncated>0</truncated><difficult>0</difficult><bndbox><xmin>101</xmin><ymin>6</ymin><xmax>223</xmax><ymax>306</ymax></bndbox></object></annotation>