<annotation><folder>/119.상품 이미지 데이터/01.데이터/1.Training/원천데이터/음료/10018_롯데레쓰비175ML/</folder><filename>10018_30_s_3.jpg</filename><path>/119.상품 이미지 데이터/01.데이터/1.Training/원천데이터/음료/10018_롯데레쓰비175ML/10018_30_s_3.jpg</path><source><database>Unknown</database></source><size><width>320</width><height>320</height><depth>3</depth></size><segmented>0</segmented><object><name>letsbe</name><pose>Unspecified</pose><truncated>0</truncated><difficult>0</difficult><bndbox><xmin>90</xmin><ymin>12</ymin><xmax>232</xmax><ymax>304</ymax></bndbox></object></annotation>