<annotation><folder>/119.상품 이미지 데이터/01.데이터/1.Training/원천데이터/음료/10034_코카콜라제로250ML/</folder><filename>10034_30_s_24.jpg</filename><path>/119.상품 이미지 데이터/01.데이터/1.Training/원천데이터/음료/10034_코카콜라제로250ML/10034_30_s_24.jpg</path><source><database>Unknown</database></source><size><width>320</width><height>320</height><depth>3</depth></size><segmented>0</segmented><object><name>cocacola_zero</name><pose>Unspecified</pose><truncated>0</truncated><difficult>0</difficult><bndbox><xmin>102</xmin><ymin>14</ymin><xmax>219</xmax><ymax>305</ymax></bndbox></object></annotation>