<annotation><folder>/119.상품 이미지 데이터/01.데이터/1.Training/원천데이터/음료/10036_코카콜라)코카콜라350ML/</folder><filename>10036_0_s_10.jpg</filename><path>/119.상품 이미지 데이터/01.데이터/1.Training/원천데이터/음료/10036_코카콜라)코카콜라350ML/10036_0_s_10.jpg</path><source><database>Unknown</database></source><size><width>320</width><height>320</height><depth>3</depth></size><segmented>0</segmented><object><name>cocacola</name><pose>Unspecified</pose><truncated>0</truncated><difficult>0</difficult><bndbox><xmin>95</xmin><ymin>8</ymin><xmax>244</xmax><ymax>302</ymax></bndbox></object></annotation>