<annotation><folder>/119.상품 이미지 데이터/01.데이터/1.Training/원천데이터/음료/10036_코카콜라)코카콜라350ML/</folder><filename>10036_30_s_20.jpg</filename><path>/119.상품 이미지 데이터/01.데이터/1.Training/원천데이터/음료/10036_코카콜라)코카콜라350ML/10036_30_s_20.jpg</path><source><database>Unknown</database></source><size><width>320</width><height>320</height><depth>3</depth></size><segmented>0</segmented><object><name>cocacola</name><pose>Unspecified</pose><truncated>0</truncated><difficult>0</difficult><bndbox><xmin>86</xmin><ymin>17</ymin><xmax>235</xmax><ymax>303</ymax></bndbox></object></annotation>