<annotation><folder>/119.상품 이미지 데이터/01.데이터/1.Training/원천데이터/음료/10032_롯데마운틴듀355ML/</folder><filename>10032_0_s_17.jpg</filename><path>/119.상품 이미지 데이터/01.데이터/1.Training/원천데이터/음료/10032_롯데마운틴듀355ML/10032_0_s_17.jpg</path><source><database>Unknown</database></source><size><width>320</width><height>320</height><depth>3</depth></size><segmented>0</segmented><object><name>mountaindew</name><pose>Unspecified</pose><truncated>0</truncated><difficult>0</difficult><bndbox><xmin>70</xmin><ymin>3</ymin><xmax>232</xmax><ymax>315</ymax></bndbox></object></annotation>