<annotation><folder>/119.상품 이미지 데이터/01.데이터/1.Training/원천데이터/음료/10043_광동)옥수수수염차500ML/</folder><filename>10043_30_s_8.jpg</filename><path>/119.상품 이미지 데이터/01.데이터/1.Training/원천데이터/음료/10043_광동)옥수수수염차500ML/10043_30_s_8.jpg</path><source><database>Unknown</database></source><size><width>320</width><height>320</height><depth>3</depth></size><segmented>0</segmented><object><name>corn_silk_tea</name><pose>Unspecified</pose><truncated>0</truncated><difficult>0</difficult><bndbox><xmin>113</xmin><ymin>12</ymin><xmax>210</xmax><ymax>309</ymax></bndbox></object></annotation>