<annotation><folder>/119.상품 이미지 데이터/01.데이터/1.Training/원천데이터/주류/10058_카스라이트(캔)500ML/</folder><filename>10058_0_s_19.jpg</filename><path>/119.상품 이미지 데이터/01.데이터/1.Training/원천데이터/주류/10058_카스라이트(캔)500ML/10058_0_s_19.jpg</path><source><database>Unknown</database></source><size><width>320</width><height>320</height><depth>3</depth></size><segmented>0</segmented><object><name>cass_light</name><pose>Unspecified</pose><truncated>0</truncated><difficult>0</difficult><bndbox><xmin>105</xmin><ymin>16</ymin><xmax>213</xmax><ymax>310</ymax></bndbox></object></annotation>