<annotation><folder>/119.상품 이미지 데이터/01.데이터/1.Training/원천데이터/음료/10055_코카콜라355ML/</folder><filename>10055_30_s_16.jpg</filename><path>/119.상품 이미지 데이터/01.데이터/1.Training/원천데이터/음료/10055_코카콜라355ML/10055_30_s_16.jpg</path><source><database>Unknown</database></source><size><width>320</width><height>320</height><depth>3</depth></size><segmented>0</segmented><object><name>cocacola</name><pose>Unspecified</pose><truncated>0</truncated><difficult>0</difficult><bndbox><xmin>79</xmin><ymin>14</ymin><xmax>232</xmax><ymax>312</ymax></bndbox></object></annotation>