<annotation><folder>/119.상품 이미지 데이터/01.데이터/1.Training/원천데이터/음료/10052_코카환타오렌지215ML/</folder><filename>10052_0_s_20.jpg</filename><path>/119.상품 이미지 데이터/01.데이터/1.Training/원천데이터/음료/10052_코카환타오렌지215ML/10052_0_s_20.jpg</path><source><database>Unknown</database></source><size><width>320</width><height>320</height><depth>3</depth></size><segmented>0</segmented><object><name>fanta_orange</name><pose>Unspecified</pose><truncated>0</truncated><difficult>0</difficult><bndbox><xmin>92</xmin><ymin>11</ymin><xmax>222</xmax><ymax>308</ymax></bndbox></object></annotation>