<annotation><folder>/119.상품 이미지 데이터/01.데이터/1.Training/원천데이터/음료/10137_해태갈아만든배238ML/</folder><filename>10137_00_s_21.jpg</filename><path>/119.상품 이미지 데이터/01.데이터/1.Training/원천데이터/음료/10137_해태갈아만든배238ML/10137_00_s_21.jpg</path><source><database>Unknown</database></source><size><width>320</width><height>320</height><depth>3</depth></size><segmented>0</segmented><object><name>idh</name><pose>Unspecified</pose><truncated>0</truncated><difficult>0</difficult><bndbox><xmin>62</xmin><ymin>24</ymin><xmax>252</xmax><ymax>302</ymax></bndbox></object></annotation>