<annotation><folder>/119.상품 이미지 데이터/01.데이터/1.Training/원천데이터/음료/10134_광동)비타500(병)100ML/</folder><filename>10134_30_s_17.jpg</filename><path>/119.상품 이미지 데이터/01.데이터/1.Training/원천데이터/음료/10134_광동)비타500(병)100ML/10134_30_s_17.jpg</path><source><database>Unknown</database></source><size><width>320</width><height>320</height><depth>3</depth></size><segmented>0</segmented><object><name>vita500</name><pose>Unspecified</pose><truncated>0</truncated><difficult>0</difficult><bndbox><xmin>111</xmin><ymin>11</ymin><xmax>205</xmax><ymax>312</ymax></bndbox></object></annotation>