<annotation><folder>/119.상품 이미지 데이터/01.데이터/1.Training/원천데이터/음료/10133_CJ컨디션헛개100ML/</folder><filename>10133_30_s_8.jpg</filename><path>/119.상품 이미지 데이터/01.데이터/1.Training/원천데이터/음료/10133_CJ컨디션헛개100ML/10133_30_s_8.jpg</path><source><database>Unknown</database></source><size><width>320</width><height>320</height><depth>3</depth></size><segmented>0</segmented><object><name>condition</name><pose>Unspecified</pose><truncated>0</truncated><difficult>0</difficult><bndbox><xmin>108</xmin><ymin>12</ymin><xmax>215</xmax><ymax>309</ymax></bndbox></object></annotation>