<annotation><folder>/119.상품 이미지 데이터/01.데이터/1.Training/원천데이터/음료/10135_광동)비타500(병)180ML/</folder><filename>10135_30_s_9.jpg</filename><path>/119.상품 이미지 데이터/01.데이터/1.Training/원천데이터/음료/10135_광동)비타500(병)180ML/10135_30_s_9.jpg</path><source><database>Unknown</database></source><size><width>320</width><height>320</height><depth>3</depth></size><segmented>0</segmented><object><name>vita500</name><pose>Unspecified</pose><truncated>0</truncated><difficult>0</difficult><bndbox><xmin>105</xmin><ymin>13</ymin><xmax>206</xmax><ymax>304</ymax></bndbox></object></annotation>