<annotation><folder>/119.상품 이미지 데이터/01.데이터/1.Training/원천데이터/음료/30017_롯데밀키스250ML/</folder><filename>30017_60_s_6.jpg</filename><path>/119.상품 이미지 데이터/01.데이터/1.Training/원천데이터/음료/30017_롯데밀키스250ML/30017_60_s_6.jpg</path><source><database>Unknown</database></source><size><width>80</width><height>80</height><depth>3</depth></size><segmented>0</segmented><object><name>롯데밀키스250ML</name><pose>Unspecified</pose><truncated>0</truncated><difficult>0</difficult><bndbox><xmin>20.8</xmin><ymin>1.34</ymin><xmax>59.65</xmax><ymax>76.97</ymax></bndbox></object></annotation>