<annotation><folder>/119.상품 이미지 데이터/01.데이터/1.Training/원천데이터/음료/30017_롯데밀키스250ML/</folder><filename>30017_30_s_7.jpg</filename><path>/119.상품 이미지 데이터/01.데이터/1.Training/원천데이터/음료/30017_롯데밀키스250ML/30017_30_s_7.jpg</path><source><database>Unknown</database></source><size><width>80</width><height>80</height><depth>3</depth></size><segmented>0</segmented><object><name>롯데밀키스250ML</name><pose>Unspecified</pose><truncated>0</truncated><difficult>0</difficult><bndbox><xmin>23.78</xmin><ymin>1.55</ymin><xmax>54.73</xmax><ymax>77.11</ymax></bndbox></object></annotation>