<annotation><folder>/119.상품 이미지 데이터/01.데이터/1.Training/원천데이터/음료/80010_롯데칠성사이다190ML/</folder><filename>80010_60_s_6.jpg</filename><path>/119.상품 이미지 데이터/01.데이터/1.Training/원천데이터/음료/80010_롯데칠성사이다190ML/80010_60_s_6.jpg</path><source><database>Unknown</database></source><size><width>80</width><height>80</height><depth>3</depth></size><segmented>0</segmented><object><name>롯데칠성사이다190ML</name><pose>Unspecified</pose><truncated>0</truncated><difficult>0</difficult><bndbox><xmin>13.36</xmin><ymin>2.49</ymin><xmax>64.34</xmax><ymax>78.15</ymax></bndbox></object></annotation>