<annotation><folder>/119.상품 이미지 데이터/01.데이터/1.Training/원천데이터/음료/80010_롯데칠성사이다190ML/</folder><filename>80010_30_s_23.jpg</filename><path>/119.상품 이미지 데이터/01.데이터/1.Training/원천데이터/음료/80010_롯데칠성사이다190ML/80010_30_s_23.jpg</path><source><database>Unknown</database></source><size><width>80</width><height>80</height><depth>3</depth></size><segmented>0</segmented><object><name>롯데칠성사이다190ML</name><pose>Unspecified</pose><truncated>0</truncated><difficult>0</difficult><bndbox><xmin>20.86</xmin><ymin>0.32</ymin><xmax>58.96</xmax><ymax>79.12</ymax></bndbox></object></annotation>